5118,01A1G
5118,01A2S
5118,01A3F
5118,01A4F
5118,01A5Y
5114,01B1F
5114,01B2S
5114,01B3S
5114,01B4F
5114,01B5S
5110,01C1F
5110,01C2S
5110,01C3S
5110,01C4F
5110,01C5S
5113,01D1F
5113,01D2S
5113,01D3Y
5113,01D4G
5113,01D5C
5113,01D6S
5113,01D7J
5113,01D8S
5116,01E1Y
5117,02A1G
5117,02A2S
5117,02A3F
5117,02A4F
5117,02A5Y
5112,02B1F
5112,02B2S
5112,02B3S
5112,02B4F
5112,02B5S
5108,02C1F
5108,02C2S
5108,02C3S
5108,02C4F
5108,02C5S
5109,02D1F
5109,02D2S
5109,02D3Y
5109,02D4G
5109,02D5C
5109,02D6S
5109,02D7J
5109,02D8S
5107,02F1F
5107,02F2S
5107,02F3S
5107,02F4F
5107,02F5S
5115,02G1Y
5120,03A1G
5120,03A2S
5120,03A3F
5120,03A4F
5120,03A5Y
5119,03B1F
5119,03B2S
5119,03B3S
5119,03B4F
5119,03B5S
5122,03C1F
5122,03C2S
5122,03C3S
5122,03C4F
5122,03C5S
5123,03D1F
5123,03D2S
5123,03D3Y
5123,03D4G
5123,03D5Y
5123,03D6S
5123,03D7J
5123,03D8S
5123,03D9F
5121,03F1F
5121,03F2S
5121,03F3S
5121,03F4F
5121,03F5S
5124,03H1F
5124,03H2S
5124,03H3Y
5124,03H4G
5124,03H5Y
5124,03H6S
5124,03H7J
5124,03H8S
5124,03H9F